,City,Lat,Lng,Max Temp,Humidity,Cloudiness,Wind Speed,Country,Date
0,Busselton,-33.65,115.33,44.01,80,17,12.3,AU,8/28/2020 22:58
1,Svobodnyy,51.4,128.13,54.88,74,64,8.86,RU,8/28/2020 22:58
2,Keti Bandar,24.14,67.45,82.35,86,100,16.28,PK,8/28/2020 22:58
3,Bahia Blanca,-38.72,-62.27,55.67,44,39,3.89,AR,8/28/2020 22:54
4,Muros,42.78,-9.06,60.01,86,6,7.61,ES,8/28/2020 22:54
5,Avarua,-21.21,-159.78,77,69,26,11.41,CK,8/28/2020 22:53
6,Ushuaia,-54.8,-68.3,33.8,94,75,18.34,AR,8/28/2020 22:58
7,Saldanha,-33.01,17.94,46.4,87,44,4.7,ZA,8/28/2020 22:58
8,Cabo San Lucas,22.89,-109.91,80.01,88,90,3.36,MX,8/28/2020 22:57
9,Antalaha,-14.9,50.28,67.32,81,26,6.38,MG,8/28/2020 22:58
10,New Norfolk,-42.78,147.06,55,63,100,4,AU,8/28/2020 22:58
11,Qaanaaq,77.48,-69.36,40.08,88,100,4.27,GL,8/28/2020 22:58
12,Puerto Ayora,-0.74,-90.35,66.16,83,43,10.38,EC,8/28/2020 22:58
13,Geraldton,-28.77,114.6,48.2,87,75,4.7,AU,8/28/2020 22:58
14,Ribeira Grande,38.52,-28.7,74.5,93,14,10.89,PT,8/28/2020 22:58
15,Sitia,35.2,26.1,75.99,55,0,5.01,GR,8/28/2020 22:58
16,Neuquen,-38.95,-68.06,55.4,43,99,11.41,AR,8/28/2020 22:58
17,Fillan,63.61,8.97,51.8,81,75,6.93,NO,8/28/2020 22:58
18,Pringsewu,-5.36,104.97,72.43,93,45,2.84,ID,8/28/2020 22:58
19,Vardo,70.37,31.11,39.2,86,40,5.82,NO,8/28/2020 22:57
20,Gorontalo,0.54,123.06,78.28,77,26,4.47,ID,8/28/2020 22:58
21,Severnoye,56.35,78.36,53.62,94,79,7.52,RU,8/28/2020 22:58
22,Lebanon,36.21,-86.29,75,88,75,16.11,US,8/28/2020 22:53
23,Cape Town,-33.93,18.42,52,81,75,4.7,ZA,8/28/2020 22:58
24,Ilulissat,69.22,-51.1,46.4,45,87,13.87,GL,8/28/2020 22:58
25,Hermanus,-34.42,19.23,50,83,24,11.01,ZA,8/28/2020 22:54
26,Barrow,71.29,-156.79,39.2,81,90,13.87,US,8/28/2020 22:55
27,Bethel,41.37,-73.41,80.6,54,1,3.2,US,8/28/2020 22:55
28,Kirakira,-10.45,161.92,82.51,76,100,7.49,SB,8/28/2020 22:58
29,Jimma,7.67,36.83,58.55,88,99,0.74,ET,8/28/2020 22:58
30,Kaputa,-8.47,29.66,70.27,58,13,3.24,ZM,8/28/2020 22:58
31,Axim,4.87,-2.24,74.39,90,75,7.72,GH,8/28/2020 22:58
32,Mataura,-46.19,168.86,45,72,25,11.01,NZ,8/28/2020 22:58
33,Salalah,17.02,54.09,75.2,100,90,3.36,OM,8/28/2020 22:58
34,Port Hardy,50.7,-127.42,60.8,72,75,12.75,CA,8/28/2020 22:56
35,Nador,35.17,-2.93,82.4,48,0,19.46,MA,8/28/2020 22:58
36,Dikson,73.51,80.55,48.45,81,80,6.31,RU,8/28/2020 22:56
37,Albany,42.6,-73.97,75,76,66,3.13,US,8/28/2020 22:58
38,East London,-33.02,27.91,60.31,67,46,3.13,ZA,8/28/2020 22:58
39,Gavle,60.67,17.14,51.01,84,48,4.09,SE,8/28/2020 22:58
40,Matai,-8.3,31.52,60.8,63,5,5.01,TZ,8/28/2020 22:58
41,Jamestown,42.1,-79.24,75,83,75,5.82,US,8/28/2020 22:58
42,Pangnirtung,66.15,-65.71,48.2,81,20,5.82,CA,8/28/2020 22:58
43,Soyo,-6.13,12.37,72.34,87,98,10.04,AO,8/28/2020 22:58
44,Rikitea,-23.12,-134.97,69.08,66,0,5.84,PF,8/28/2020 22:58
45,Kahului,20.89,-156.47,93.2,36,40,24.16,US,8/28/2020 22:58
46,Bengkulu,-3.8,102.27,75.29,83,94,4.99,ID,8/28/2020 22:57
47,Mar Del Plata,-38,-57.56,54,87,68,5.82,AR,8/28/2020 22:57
48,Nanortalik,60.14,-45.24,49.87,75,100,21.92,GL,8/28/2020 22:58
49,Ozernovskiy,51.5,156.52,49.84,94,94,3.33,RU,8/28/2020 22:58
50,Lebu,-37.62,-73.65,45.41,85,92,20.58,CL,8/28/2020 22:56
51,Hamilton,39.18,-84.53,82.4,83,40,10.29,US,8/28/2020 22:58
52,Saint-Hyacinthe,45.62,-72.95,71.01,52,75,8.05,CA,8/28/2020 22:58
53,Georgetown,5.41,100.34,80.6,88,20,2.24,MY,8/28/2020 22:57
54,Pevek,69.7,170.31,40.78,86,67,2.13,RU,8/28/2020 22:58
55,Cidreira,-30.18,-50.21,65.17,77,73,8.46,BR,8/28/2020 22:55
56,Lorengau,-2.02,147.27,83.53,77,100,14.25,PG,8/28/2020 22:58
57,Ossora,59.24,163.07,52.3,75,92,14.41,RU,8/28/2020 22:58
58,Carutapera,-1.2,-46.02,76.44,89,92,4.99,BR,8/28/2020 22:58
59,Saskylakh,71.92,114.08,57.22,55,0,3.74,RU,8/28/2020 22:58
60,Tashtyp,52.79,89.9,53.64,89,100,3.29,RU,8/28/2020 22:58
61,Hobart,-42.88,147.33,55,62,75,16.11,AU,8/28/2020 22:53
62,Mahebourg,-20.41,57.7,71.6,73,75,11.41,MU,8/28/2020 22:58
63,Port Elizabeth,-33.92,25.57,53.6,87,1,6.93,ZA,8/28/2020 22:58
64,Warri,5.52,5.75,75.15,89,100,3.62,NG,8/28/2020 22:58
65,Menongue,-14.66,17.69,62.73,41,48,3.02,AO,8/28/2020 22:58
66,Guasdualito,7.24,-70.73,78.62,88,57,1.25,VE,8/28/2020 22:58
67,Thompson,55.74,-97.86,60.8,77,75,8.05,CA,8/28/2020 22:58
68,Eslov,55.84,13.3,57.99,100,87,6.93,SE,8/28/2020 22:58
69,Suba,10.84,121.01,83.66,74,93,6.69,PH,8/28/2020 22:58
70,Victoria,22.29,114.16,82,78,71,3.51,HK,8/28/2020 22:58
71,Evensk,61.95,159.23,52.72,66,45,11.74,RU,8/28/2020 22:58
72,Port Alfred,-33.59,26.89,57.22,69,0,9.51,ZA,8/28/2020 22:54
73,Margate,51.38,1.39,61,90,35,1.99,GB,8/28/2020 22:58
74,Faanui,-16.48,-151.75,76.17,80,9,20.24,PF,8/28/2020 22:58
75,The Pas,53.83,-101.25,68,56,40,14.99,CA,8/28/2020 22:58
76,Kapaa,22.08,-159.32,84.2,70,20,10.29,US,8/28/2020 22:54
77,Kendari,-3.94,122.5,73.74,88,9,2.91,ID,8/28/2020 22:58
78,Mayumba,-3.43,10.66,74.32,89,100,9.15,GA,8/28/2020 22:58
79,Khatanga,71.97,102.5,55.49,55,10,5.23,RU,8/28/2020 22:58
80,Broome,42.25,-75.83,73.99,73,90,5.82,US,8/28/2020 22:58
81,Kathmandu,27.72,85.32,69.8,94,75,2.24,NP,8/28/2020 22:58
82,Oga,46.46,10.35,61,100,90,2.24,IT,8/28/2020 22:58
83,Mandalgovi,45.76,106.27,51.89,77,64,7.56,MN,8/28/2020 22:58
84,Bredasdorp,-34.53,20.04,48.2,81,2,9.17,ZA,8/28/2020 22:55
85,Eirunepe,-6.66,-69.87,85.44,47,92,1.05,BR,8/28/2020 22:58
86,San-Pedro,4.75,-6.64,74.66,90,57,6.64,CI,8/28/2020 22:58
87,Cerchezu,43.82,28.1,69.8,94,5,4.7,RO,8/28/2020 22:58
88,Ponta Do Sol,32.67,-17.1,75.2,64,20,17.22,PT,8/28/2020 22:58
89,Kangalassy,62.35,129.96,42.8,70,98,2.24,RU,8/28/2020 22:58
90,Berdigestyakh,62.1,126.7,54.46,51,92,4,RU,8/28/2020 22:58
91,Arraial Do Cabo,-22.97,-42.03,71.6,78,0,14.99,BR,8/28/2020 22:57
92,Garden City,42.33,-83.33,73.4,88,90,9.17,US,8/28/2020 22:53
93,Nuuk,64.18,-51.72,60.8,31,100,1.12,GL,8/28/2020 22:58
94,Kaitangata,-46.28,169.85,55,50,63,14,NZ,8/28/2020 22:57
95,Vila Franca Do Campo,37.72,-25.43,75.2,83,20,9.17,PT,8/28/2020 22:58
96,Hami,42.8,93.45,65.53,41,70,15.48,CN,8/28/2020 22:58
97,La Victoria,10.22,-67.33,86,74,40,5.82,VE,8/28/2020 22:58
98,Aljezur,37.32,-8.8,61,86,1,1.01,PT,8/28/2020 22:58
99,Yellowknife,62.46,-114.35,54,87,90,5.82,CA,8/28/2020 22:57
100,Touros,-5.2,-35.46,77,83,9,5.82,BR,8/28/2020 22:58
101,Shirgaon,19.7,72.7,78.96,88,100,7.74,IN,8/28/2020 22:58
102,Morondava,-20.28,44.28,70.99,88,0,7.27,MG,8/28/2020 22:58
103,Saurimo,-9.66,20.39,67.95,79,92,4.54,AO,8/28/2020 22:58
104,Vaini,-21.2,-175.2,78.8,74,75,10.29,TO,8/28/2020 22:57
105,Ipora,-16.44,-51.12,75.33,21,5,3.96,BR,8/28/2020 22:58
106,Prince Rupert,54.32,-130.32,59,72,75,8.05,CA,8/28/2020 22:58
107,Tuktoyaktuk,69.45,-133.04,51.8,62,20,11.41,CA,8/28/2020 22:58
108,Grindavik,63.84,-22.43,48.2,100,90,12.75,IS,8/28/2020 22:58
109,Punta Arenas,-53.15,-70.92,32,90,14,31.09,CL,8/28/2020 22:54
110,Beloha,-25.17,45.05,71.94,58,7,5.84,MG,8/28/2020 22:58
111,Codrington,-38.27,141.97,50.14,72,0,16.93,AU,8/28/2020 22:58
112,Wilmington,34.23,-77.94,89.6,62,1,12.75,US,8/28/2020 22:56
113,Aykhal,66,111.5,48.2,42,75,8.95,RU,8/28/2020 22:58
114,Pumiao,22.75,108.48,77,94,0,4.47,CN,8/28/2020 22:58
115,Havre-Saint-Pierre,50.23,-63.6,59,58,40,13.87,CA,8/28/2020 22:58
116,Dingle,11,122.67,78.51,85,100,3.53,PH,8/28/2020 22:55
117,Constitucion,-35.33,-72.42,50.18,91,100,13.13,CL,8/28/2020 22:58
118,Sao Filipe,14.9,-24.5,80.4,81,89,4.94,CV,8/28/2020 22:56
119,Jiaojiang,28.68,121.44,82,99,87,2.51,CN,8/28/2020 22:58
120,Ulladulla,-35.35,150.47,53.6,58,0,11.41,AU,8/28/2020 22:58
121,Mpika,-11.83,31.45,64.72,41,14,7.02,ZM,8/28/2020 22:58
122,Babu,24.42,111.52,77.16,76,25,1.41,CN,8/28/2020 22:58
123,Sumbe,-11.21,13.84,69.08,83,98,4.63,AO,8/28/2020 22:57
124,Narsaq,60.92,-46.05,60.8,57,100,29.97,GL,8/28/2020 22:56
125,Atuona,-9.8,-139.03,77.86,79,64,22.44,PF,8/28/2020 22:58
126,Havoysund,71,24.66,46.4,70,67,14.99,NO,8/28/2020 22:58
127,Nome,64.5,-165.41,57.99,82,90,3.36,US,8/28/2020 22:58
128,Bluff,-46.6,168.33,45,72,90,11.01,NZ,8/28/2020 22:58
129,Monster,52.03,4.17,59,93,23,11.81,NL,8/28/2020 22:58
130,Cairns,-16.92,145.77,71.6,73,90,19.46,AU,8/28/2020 22:58
131,Bonthe,7.53,-12.51,76.5,87,100,9.57,SL,8/28/2020 22:58
132,Breclav,48.76,16.88,73,69,71,5.01,CZ,8/28/2020 22:58
133,Talnakh,69.49,88.4,48.2,87,49,4.47,RU,8/28/2020 22:57
134,Bakchar,57.02,82.07,51.84,97,49,4.72,RU,8/28/2020 22:58
135,Elat,29.56,34.95,89.6,29,0,13.87,IL,8/28/2020 22:58
136,Muisne,0.6,-80.03,78.8,88,75,8.05,EC,8/28/2020 22:58
137,Upernavik,72.79,-56.15,40.35,71,0,15.75,GL,8/28/2020 22:58
138,Banda Aceh,5.56,95.32,79.95,76,100,4.21,ID,8/28/2020 22:58
139,Alyangula,-13.85,136.42,73.4,73,88,3.36,AU,8/28/2020 22:58
140,Kodiak,57.79,-152.41,64.4,48,1,10.29,US,8/28/2020 22:58
141,Listvyagi,53.68,86.95,50.68,92,65,2.93,RU,8/28/2020 22:58
142,Usoke,-5.17,32.35,73.4,53,20,11.41,TZ,8/28/2020 22:58
143,Bayir,37.27,28.22,69.8,73,0,3.36,TR,8/28/2020 22:58
144,Half Moon Bay,37.46,-122.43,75.99,64,40,9.17,US,8/28/2020 22:56
145,Beringovskiy,63.05,179.32,50.9,85,100,15.23,RU,8/28/2020 22:58
146,Yeppoon,-23.13,150.73,66.2,55,0,10.29,AU,8/28/2020 22:58
147,Butaritari,3.07,172.79,82.29,74,99,15.43,KI,8/28/2020 22:58
148,Bonavista,48.65,-53.11,57.99,79,51,8.99,CA,8/28/2020 22:58
149,Ozu,33.5,132.55,82.4,74,20,3.36,JP,8/28/2020 22:58
150,Along,28.17,94.77,71.37,89,94,0.92,IN,8/28/2020 22:58
151,Kruisfontein,-34,24.73,48.99,84,1,1.01,ZA,8/28/2020 22:58
152,Bairiki,1.33,172.98,86,66,20,8.05,KI,8/28/2020 22:58
153,Forbes,-33.38,148.02,48,92,0,1.01,AU,8/28/2020 22:58
154,Corn Island,12.17,-83.04,84.31,74,100,11.7,NI,8/28/2020 22:58
155,Hithadhoo,-0.6,73.08,81.7,65,100,8.5,MV,8/28/2020 22:58
156,Beberibe,-4.18,-38.13,78.8,78,36,13.87,BR,8/28/2020 22:58
157,Suruc,36.98,38.42,78.8,24,0,9.17,TR,8/28/2020 22:58
158,Fort Nelson,58.81,-122.7,55.4,82,75,4.7,CA,8/28/2020 22:55
159,Port Lincoln,-34.73,135.87,59.45,46,0,19.77,AU,8/28/2020 22:58
160,Namatanai,-3.67,152.43,82.22,70,73,5.95,PG,8/28/2020 22:58
161,Ostrovnoy,68.05,39.51,48.79,64,69,12.26,RU,8/28/2020 22:58
162,Los Llanos De Aridane,28.66,-17.92,75.99,83,7,16.11,ES,8/28/2020 22:58
163,Sorland,67.67,12.69,46.4,81,75,4.7,NO,8/28/2020 22:58
164,Talcahuano,-36.72,-73.12,50,93,75,5.82,CL,8/28/2020 22:58
165,Cockburn Town,21.46,-71.14,86,66,40,11.41,TC,8/28/2020 22:58
166,Komsomolskiy,40.43,71.72,64.4,68,0,6.93,UZ,8/28/2020 22:58
167,Noyabrsk,63.2,75.45,54.34,97,68,4.5,RU,8/28/2020 22:58
168,Majene,-3.54,118.97,77.67,83,10,11.83,ID,8/28/2020 22:58
169,Cherskiy,68.75,161.3,45.66,80,85,6.31,RU,8/28/2020 22:58
170,Chokurdakh,70.63,147.92,40.39,82,100,8.66,RU,8/28/2020 22:58
171,Pospelikha,51.95,81.77,53.6,87,4,4.25,RU,8/28/2020 22:58
172,Sijunjung,-0.69,100.95,71.82,87,98,1.16,ID,8/28/2020 22:58
173,Nago,26.59,127.98,82.4,94,1,8.05,JP,8/28/2020 22:58
174,Carnarvon,-24.87,113.63,57.2,100,2,8.05,AU,8/28/2020 22:58
175,Hasaki,35.73,140.83,86,84,20,5.82,JP,8/28/2020 22:58
176,Skibbereen,51.55,-9.27,51.8,81,40,13.87,IE,8/28/2020 22:58
177,Boda,4.32,17.47,69.73,95,100,2.28,CF,8/28/2020 22:58
178,Tautira,-17.73,-149.15,84.2,51,20,4.7,PF,8/28/2020 22:58
179,Kysyl-Syr,63.9,122.76,53.82,50,100,5.06,RU,8/28/2020 22:58
180,Aswan,24.09,32.91,82.58,23,0,6.22,EG,8/28/2020 22:58
181,Belyy Yar,53.6,91.39,59,87,100,2.24,RU,8/28/2020 22:58
182,Atar,20.52,-13.05,92.93,36,64,20.92,MR,8/28/2020 22:58
183,Riachao Das Neves,-11.75,-44.91,74.52,29,37,2.86,BR,8/28/2020 22:58
184,Buluang,13.31,123.34,81.05,83,100,3.42,PH,8/28/2020 22:58
185,Saint-Philippe,-21.36,55.77,69.8,73,75,4.7,RE,8/28/2020 22:55
186,Sitka,57.05,-135.33,57.2,71,75,12.75,US,8/28/2020 22:57
187,Hilo,19.73,-155.09,86,51,40,8.05,US,8/28/2020 22:54
188,Tiksi,71.69,128.87,44.19,80,44,11.88,RU,8/28/2020 22:55
189,Chiang Rai,19.91,99.83,75.99,100,100,2.24,TH,8/28/2020 22:58
190,Nikolskoye,59.7,30.79,55.99,87,99,2.24,RU,8/28/2020 22:54
191,Nishihara,26.18,127.76,84.2,94,75,9.17,JP,8/28/2020 22:58
192,Shache,38.42,77.24,61.59,41,7,7,CN,8/28/2020 22:58
193,Ambon,-3.7,128.18,79,88,40,5.82,ID,8/28/2020 22:58
194,Katsuura,35.13,140.3,87.8,66,20,11.41,JP,8/28/2020 22:57
195,Westport,41.14,-73.36,82.4,54,1,8.05,US,8/28/2020 22:58
196,Cheyenne,41.14,-104.82,73.4,25,1,10.29,US,8/28/2020 22:58
197,Ancud,-41.87,-73.82,44.01,67,1,11.41,CL,8/28/2020 22:58
198,Port-Gentil,-0.72,8.78,77,88,90,14.18,GA,8/28/2020 22:58
199,Tura,25.52,90.22,73.13,97,8,4.63,IN,8/28/2020 22:57
200,Vila Velha,-20.33,-40.29,72,94,20,4.7,BR,8/28/2020 22:55
201,Sistranda,63.73,8.83,51.8,81,75,6.93,NO,8/28/2020 22:58
202,Tongchuan,35.08,109.09,69.15,80,0,4.76,CN,8/28/2020 22:58
203,Torbay,47.67,-52.73,61,67,75,18.34,CA,8/28/2020 22:58
204,San Quintin,30.48,-115.95,77.29,63,36,12.44,MX,8/28/2020 22:57
205,Harer,9.31,42.13,63.03,78,100,6.64,ET,8/28/2020 22:58
206,Castro,-24.79,-50.01,59.54,79,0,2.24,BR,8/28/2020 22:58
207,Bull Savanna,17.89,-77.59,82,78,4,8.86,JM,8/28/2020 22:58
208,Palauig,15.44,119.9,82.76,77,100,4.05,PH,8/28/2020 22:58
209,Grand Gaube,-20.01,57.66,69.01,79,4,5.01,MU,8/28/2020 22:53
210,Umba,66.69,34.34,48.81,78,52,4.18,RU,8/28/2020 22:58
211,Tasiilaq,65.61,-37.64,42.8,81,100,2.15,GL,8/28/2020 22:56
212,Filingue,14.35,3.32,83.44,65,60,12.06,NE,8/28/2020 22:58
213,Vaitape,-16.52,-151.75,76.96,78,9,20.13,PF,8/28/2020 22:58
214,Kotido,2.98,34.13,67.32,83,85,2.89,UG,8/28/2020 22:54
215,Husavik,66.04,-17.34,48.2,87,75,2.24,IS,8/28/2020 22:58
216,Anloga,5.79,0.9,77,88,20,10.29,GH,8/28/2020 22:56
217,Vostok,46.49,135.88,57.99,100,100,7.02,RU,8/28/2020 22:58
218,Saint-Georges,12.06,-61.75,86,70,20,12.75,GD,8/28/2020 22:55
219,Hambantota,6.12,81.12,79.81,79,100,16.31,LK,8/28/2020 22:58
220,Chuy,-33.7,-53.46,56.35,98,41,4.97,UY,8/28/2020 22:58
221,Galesong,-5.32,119.37,71.6,94,75,2.24,ID,8/28/2020 22:58
222,Muyezerskiy,63.93,31.65,44.15,94,11,4.03,RU,8/28/2020 22:58
223,Praia Da Vitoria,38.73,-27.07,77,69,20,5.44,PT,8/28/2020 22:58
224,Tuatapere,-46.13,167.68,45,72,50,11.01,NZ,8/28/2020 22:58
225,Baley,51.6,116.63,48.74,81,100,2.42,RU,8/28/2020 22:57
226,Presidencia Roque Saenz Pena,-26.79,-60.44,72.82,65,0,5.61,AR,8/28/2020 22:55
227,Hearst,49.68,-83.67,67.14,63,100,4.16,CA,8/28/2020 22:58
228,Kailua,21.4,-157.74,87.8,62,40,12.75,US,8/28/2020 22:58
229,Takoradi,4.88,-1.76,74.52,90,60,8.52,GH,8/28/2020 22:58
230,Ust-Karsk,52.7,118.81,52.11,74,100,2.3,RU,8/28/2020 22:58
231,Waynesville,35.49,-82.99,73,79,85,1.99,US,8/28/2020 22:58
232,Egham,51.43,-0.55,53.01,93,90,13.87,GB,8/28/2020 22:58
233,Myitkyina,25.38,97.4,73.45,96,99,2.04,MM,8/28/2020 22:58
234,Khorixas,-20.37,14.97,42.73,84,0,4,NA,8/28/2020 22:55
235,Samarinda,-0.5,117.15,74.86,95,84,2.04,ID,8/28/2020 22:58
236,Ipaussu,-23.06,-49.63,69.12,57,0,2.75,BR,8/28/2020 22:58
237,Cedar City,37.68,-113.06,91.4,9,1,16.11,US,8/28/2020 22:58
238,San Patricio,19.22,-104.7,86,70,90,9.17,MX,8/28/2020 22:54
239,Vao,-22.67,167.48,68.9,81,94,19.1,NC,8/28/2020 22:58
240,Saint-Francois,46.42,3.91,59,82,80,4.7,FR,8/28/2020 22:58
241,Saint-Augustin,51.23,-58.65,53.4,71,48,13.02,CA,8/28/2020 22:55
242,Doha,25.29,51.53,93.99,75,90,9.17,QA,8/28/2020 22:54
243,Macamic,48.75,-79,62.6,67,75,3.36,CA,8/28/2020 22:58
244,Severo-Kurilsk,50.68,156.12,52.79,77,55,8.93,RU,8/28/2020 22:58
245,Hailar,49.2,119.7,51.01,91,100,12.64,CN,8/28/2020 22:58
246,Olafsvik,64.89,-23.71,51.85,85,100,14.97,IS,8/28/2020 22:55
247,Launceston,-41.45,147.17,55,87,75,20.8,AU,8/28/2020 22:58
248,Chebenki,51.93,55.71,57.2,58,99,6.71,RU,8/28/2020 22:58
249,Klaksvik,62.23,-6.59,46.4,81,77,11.41,FO,8/28/2020 22:58
250,Khani,41.96,42.96,66.2,93,85,4.7,GE,8/28/2020 22:57
251,Guerrero Negro,27.98,-114.06,84.81,53,0,17.07,MX,8/28/2020 22:58
252,Tual,-5.67,132.75,79.36,82,18,22.91,ID,8/28/2020 22:58
253,Edea,3.8,10.13,73.4,100,75,3.36,CM,8/28/2020 22:58
254,Ballitoville,-29.54,31.21,62.6,82,75,2.24,ZA,8/28/2020 22:58
255,Iqaluit,63.75,-68.51,51.8,57,75,7.34,CA,8/28/2020 22:58
256,Tavda,58.04,65.27,56.62,91,39,3.18,RU,8/28/2020 22:58
257,Bytow,54.17,17.49,59,87,100,11.41,PL,8/28/2020 22:58
258,Yangjiang,21.85,111.97,79.21,82,49,4.5,CN,8/28/2020 22:58
259,Sioux Lookout,50.1,-91.92,66.2,77,40,13.87,CA,8/28/2020 22:54
260,Huambo,-12.78,15.74,57.22,67,36,1.21,AO,8/28/2020 22:58
261,Dillon,34.42,-79.37,91,69,1,8.05,US,8/28/2020 22:58
262,Peleduy,59.63,112.74,58.93,78,100,6.67,RU,8/28/2020 22:58
263,Estelle,29.85,-90.11,90,74,75,14.99,US,8/28/2020 22:58
264,Ridgecrest,35.62,-117.67,100.99,9,0,23.71,US,8/28/2020 22:54
265,Blythe,33.61,-114.6,113,7,20,8.05,US,8/28/2020 22:58
266,Makakilo City,21.35,-158.09,89.6,46,40,9.17,US,8/28/2020 22:58
267,Huanren,41.26,125.37,70.84,92,100,0.67,CN,8/28/2020 22:58
268,Kargopol,61.51,38.95,52.38,97,100,6.87,RU,8/28/2020 22:58
269,Nymburk,50.19,15.04,63,93,75,6.93,CZ,8/28/2020 22:58
270,Miyako,39.64,141.95,84.54,74,26,1.3,JP,8/28/2020 22:58
271,Tarancon,40.01,-3.01,73.99,21,16,5.97,ES,8/28/2020 22:58
272,Coihaique,-45.58,-72.07,33.8,64,75,2.24,CL,8/28/2020 22:58
273,Smithers,54.78,-127.17,59,47,40,2.24,CA,8/28/2020 22:57
274,Fare,-16.7,-151.02,77.13,77,17,19.17,PF,8/28/2020 22:58
275,Kabo,7.7,18.63,70.77,95,100,1.97,CF,8/28/2020 22:58
276,Digha,21.68,87.55,81.34,86,0,9.42,IN,8/28/2020 22:58
277,Norman Wells,65.28,-126.83,51.8,66,90,9.17,CA,8/28/2020 22:57
278,Conceicao Do Araguaia,-8.26,-49.26,85.51,29,67,2.64,BR,8/28/2020 22:58
279,Manokwari,-0.87,134.08,79.66,76,100,7.99,ID,8/28/2020 22:59
280,Krasnoselkup,65.7,82.47,51.15,84,4,1.86,RU,8/28/2020 22:59
281,Vestmanna,62.16,-7.17,46.4,81,56,5.41,FO,8/28/2020 22:56
282,Oranjemund,-28.55,16.43,54.61,85,9,8.37,NA,8/28/2020 22:59
283,Santa Isabel Do Rio Negro,-0.41,-65.02,77.2,87,91,1.7,BR,8/28/2020 22:54
284,Dunedin,-45.87,170.5,50.59,66,21,4.16,NZ,8/28/2020 22:54
285,Bhainsdehi,21.65,77.63,69.58,100,100,13.58,IN,8/28/2020 22:59
286,Camotan,14.82,-89.37,80.42,80,96,2.95,GT,8/28/2020 22:59
287,Shelburne,44.08,-80.2,69.8,68,20,3.36,CA,8/28/2020 22:59
288,Bang Saphan,11.21,99.51,76.24,90,99,3.62,TH,8/28/2020 22:59
289,Adrar,20.5,-10.07,97.07,19,35,12.82,MR,8/28/2020 22:59
290,Esperance,-33.87,121.9,50,81,75,17.22,AU,8/28/2020 22:58
291,Lasa,46.62,10.7,61,100,90,3.36,IT,8/28/2020 22:59
292,Bambous Virieux,-20.34,57.76,71.6,73,75,11.41,MU,8/28/2020 22:59
293,Kavaratti,10.57,72.64,81.7,77,100,11.56,IN,8/28/2020 22:56
294,Tevriz,57.51,72.4,57.52,97,100,4.18,RU,8/28/2020 22:59
295,Tanete,-3.94,119.78,76.44,78,3,12.5,ID,8/28/2020 22:59
296,Matay,28.42,30.78,78.31,61,0,13.69,EG,8/28/2020 22:59
297,Kulhudhuffushi,6.62,73.07,82.42,73,6,10.74,MV,8/28/2020 22:59
298,Benghazi,32.12,20.07,78.24,75,0,9.01,LY,8/28/2020 22:57
299,Verkhoyansk,67.54,133.38,54.07,40,65,2.24,RU,8/28/2020 22:59
300,Sam Roi Yot,12.27,99.87,76.84,81,94,4.74,TH,8/28/2020 22:59
301,Saint George,37.1,-113.58,102.2,10,1,17.22,US,8/28/2020 22:55
302,Lincoln,40.8,-96.67,93.2,38,20,12.75,US,8/28/2020 22:56
303,Yokadouma,3.52,15.05,69.51,95,100,2.24,CM,8/28/2020 22:59
304,Laguna,38.42,-121.42,97,29,1,4.7,US,8/28/2020 22:59
305,Pochutla,15.74,-96.47,80.01,69,90,0.49,MX,8/28/2020 22:59
306,Skjervoy,70.03,20.97,48.83,73,64,10.29,NO,8/28/2020 22:59
307,Luzhou,28.87,105.44,78.15,89,17,2.62,CN,8/28/2020 22:59
308,Saint-Pierre,-21.34,55.48,69.8,73,75,4.7,RE,8/28/2020 22:57
309,Atyrau,47.12,51.88,64.4,34,46,8.95,KZ,8/28/2020 22:58
310,Buchanan,5.88,-10.05,76.62,84,100,10.25,LR,8/28/2020 22:59
311,Clyde River,70.47,-68.59,50,66,20,11.41,CA,8/28/2020 22:57
312,Asilah,35.47,-6.03,73.4,83,29,6.93,MA,8/28/2020 22:59
313,Ammon,43.47,-111.97,84,23,1,3.36,US,8/28/2020 22:59
314,Rodino,52.5,80.25,54.99,81,0,1.45,RU,8/28/2020 22:59
315,Airai,-8.93,125.41,62.49,75,30,5.06,TL,8/28/2020 22:59
316,Voloshka,61.33,40.09,53.44,96,100,7.07,RU,8/28/2020 22:59
317,Dombarovskiy,50.76,59.54,73.74,37,94,11.34,RU,8/28/2020 22:59
318,Stykkisholmur,65.08,-22.73,51.21,85,100,7.85,IS,8/28/2020 22:59
319,Metro,-5.11,105.31,73.22,89,14,3.83,ID,8/28/2020 22:59
320,Kavieng,-2.57,150.8,82.74,78,98,12.88,PG,8/28/2020 22:59
321,Nhulunbuy,-12.23,136.77,78.8,61,99,14.99,AU,8/28/2020 22:55
322,Fortuna,40.6,-124.16,64.99,72,1,19.46,US,8/28/2020 22:59
323,Coolum Beach,-26.53,153.1,63,79,54,3,AU,8/28/2020 22:59
324,Xichang,27.9,102.26,65.28,77,98,0.49,CN,8/28/2020 22:59
325,Chara,56.91,118.26,55.36,63,100,4.47,RU,8/28/2020 22:59
326,Wilmington Island,32,-80.97,93.2,56,75,4.7,US,8/28/2020 22:59
327,Leningradskiy,69.38,178.42,37.58,93,100,7.94,RU,8/28/2020 22:58
328,Greensboro,36.07,-79.79,86,66,75,12.75,US,8/28/2020 22:57
329,Shimoda,34.67,138.95,86,70,0,1.01,JP,8/28/2020 22:59
330,Batagay,67.63,134.63,53.71,42,2,1.99,RU,8/28/2020 22:59
331,Naze,28.37,129.48,84.2,89,40,10.29,JP,8/28/2020 22:59
332,Nanton,50.35,-113.77,81,27,0,1.01,CA,8/28/2020 22:59
333,Agirish,61.92,63.02,50.02,88,53,2.46,RU,8/28/2020 22:59
334,Tambopata,-12.73,-69.18,83.05,43,29,2.93,PE,8/28/2020 22:59
335,Sabzevar,36.21,57.68,63.03,30,0,6.6,IR,8/28/2020 22:59
336,Tazovskiy,67.47,78.7,50.94,87,0,3.38,RU,8/28/2020 22:59
337,Provideniya,64.38,-173.3,50,81,75,4.47,RU,8/28/2020 22:55
338,Kangaatsiaq,68.31,-53.46,44.62,73,92,10.09,GL,8/28/2020 22:59
339,Hay River,60.82,-115.8,55.4,93,75,12.75,CA,8/28/2020 22:59
340,Adjumani,3.38,31.79,65.86,95,11,0.43,UG,8/28/2020 22:59
341,Mukhen,48.1,136.1,62.55,75,100,9.82,RU,8/28/2020 22:59
342,Bathsheba,13.22,-59.52,84.2,70,40,20.8,BB,8/28/2020 22:59
343,Shu,43.6,73.76,72,58,0,1.99,KZ,8/28/2020 22:59
344,Cayenne,4.93,-52.33,78.8,94,43,4.7,GF,8/28/2020 22:59
345,Luderitz,-26.65,15.16,54.81,80,0,5.21,NA,8/28/2020 22:58
346,Bosaso,11.28,49.18,92.28,43,96,14.12,SO,8/28/2020 22:59
347,Orotukan,62.27,151.7,38.48,90,100,6.31,RU,8/28/2020 22:59
348,Faya,18.39,42.45,69.8,88,7,1.52,SA,8/28/2020 22:59
349,Kropotkin,45.44,40.58,63.73,88,0,6.42,RU,8/28/2020 22:59
350,Comodoro Rivadavia,-45.87,-67.5,39.2,44,40,14.99,AR,8/28/2020 22:59
351,Nelson Bay,-32.72,152.15,54,71,0,10.29,AU,8/28/2020 22:59
352,Namibe,-15.2,12.15,59.41,81,92,6.69,AO,8/28/2020 22:59
353,Whitehorse,60.72,-135.05,50,87,75,2.24,CA,8/28/2020 22:56
354,Palmer,42.16,-72.33,78.8,44,20,8.05,US,8/28/2020 22:59
355,Vyshestebliyevskaya,45.2,37.02,66,93,40,6.71,RU,8/28/2020 22:59
356,Patna,25.6,85.12,78.8,83,40,5.82,IN,8/28/2020 22:59
357,Lahij,13.17,44.58,89.22,41,94,6.15,YE,8/28/2020 22:59
358,Hobyo,5.35,48.53,76.46,84,97,24.63,SO,8/28/2020 22:59
359,Rantepao,-2.97,119.9,67.46,85,38,1.23,ID,8/28/2020 22:59
360,Rawson,-43.3,-65.1,45.97,50,58,18.63,AR,8/28/2020 22:57
361,Caravelas,-17.71,-39.25,70.66,83,0,4.18,BR,8/28/2020 22:55
362,Upington,-28.45,21.26,50,46,0,11.41,ZA,8/28/2020 22:59
363,Lavrentiya,65.58,-171,50.13,75,74,2.04,RU,8/28/2020 22:55
364,Acari,-15.43,-74.62,63.37,70,65,7.02,PE,8/28/2020 22:59
365,Abonnema,4.71,6.79,75.2,94,75,1.9,NG,8/28/2020 22:59
366,Tlacotepec,20.07,-97.87,73.22,80,26,4.21,MX,8/28/2020 22:59
367,Binzhou,37.37,118.02,73.96,81,0,3.65,CN,8/28/2020 22:59
368,Souillac,-20.52,57.52,71.6,73,75,11.41,MU,8/28/2020 22:59
369,Itarema,-2.92,-39.92,78.71,77,30,18.07,BR,8/28/2020 22:59
370,Morant Bay,17.88,-76.41,87.8,74,20,18.34,JM,8/28/2020 22:59
371,Isangel,-19.55,169.27,78.53,75,25,13.22,VU,8/28/2020 22:59
372,Goderich,43.75,-81.72,75,74,86,5.39,CA,8/28/2020 22:59
373,Biak,-0.91,122.88,76.82,75,13,8.34,ID,8/28/2020 22:59
374,Pombas,17.15,-25.02,84.2,74,75,3.36,CV,8/28/2020 22:59
375,Kamaishi,39.27,141.88,82.4,88,75,1.12,JP,8/28/2020 22:59
376,Priyutnoye,46.1,43.51,71.01,43,10,13,RU,8/28/2020 22:59
377,Gore,-46.1,168.94,45,72,10,11.01,NZ,8/28/2020 22:59
378,Mount Gambier,-37.83,140.77,46.4,81,0,13.87,AU,8/28/2020 22:58
379,Savannah Bight,16.45,-85.85,85.46,76,55,30.24,HN,8/28/2020 22:59
380,Salmas,38.2,44.77,62.6,55,0,6.93,IR,8/28/2020 22:59
381,Salinopolis,-0.61,-47.36,79.77,84,83,12.53,BR,8/28/2020 22:59
382,Tsnori,41.62,45.97,71.6,60,89,11.41,GE,8/28/2020 22:59
383,Aksarka,66.56,67.8,52.27,87,100,15.77,RU,8/28/2020 22:57
384,Chingirlau,51.09,54.08,72.73,32,98,7.92,KZ,8/28/2020 22:59
385,Adeje,28.12,-16.73,79,54,3,31.09,ES,8/28/2020 22:59
386,La Rioja,42.25,-2.5,62.6,55,90,3.36,ES,8/28/2020 22:57
387,Bharatpur,27.22,77.48,80.6,100,40,2.24,IN,8/28/2020 22:59
388,Yar-Sale,66.83,70.83,54.5,88,97,14.43,RU,8/28/2020 22:59
389,Necochea,-38.55,-58.74,51.01,85,47,1.99,AR,8/28/2020 22:59
390,Saint Anthony,45.02,-93.22,81,65,1,12.75,US,8/28/2020 22:58
391,Acapulco,16.86,-99.89,86,74,40,11.41,MX,8/28/2020 22:57
392,Turukhansk,65.82,87.98,52.52,89,85,2.33,RU,8/28/2020 22:59
393,Sarmizegetusa,45.52,22.78,63.95,42,51,5.1,RO,8/28/2020 22:59
394,Tigil,57.8,158.67,54.54,59,42,5.39,RU,8/28/2020 22:59
395,Kamennomostskiy,44.3,40.19,59.97,68,0,4.9,RU,8/28/2020 22:59
396,Botwood,49.15,-55.35,55,76,95,8.34,CA,8/28/2020 22:59
397,Khandyga,62.67,135.6,53.22,44,0,0.81,RU,8/28/2020 22:59
398,Port Hedland,-20.32,118.57,62.6,59,15,5.82,AU,8/28/2020 22:59
399,Milledgeville,33.08,-83.23,82.4,88,75,3.36,US,8/28/2020 22:59
400,Eydhafushi,5.1,73.07,82.96,71,42,11.65,MV,8/28/2020 22:59
401,Karratha,-20.74,116.85,77.49,28,16,12.06,AU,8/28/2020 22:59
402,Kloulklubed,7.04,134.26,78.8,88,75,8.05,PW,8/28/2020 22:59
403,Hammerfest,70.66,23.68,46.4,70,90,14.99,NO,8/28/2020 22:59
404,Mumford,5.26,-0.76,73.96,92,73,9.42,GH,8/28/2020 22:59
405,Manama,26.22,50.58,93.2,67,40,3.36,BH,8/28/2020 22:55
406,Bubaque,11.28,-15.83,80.78,79,100,16.44,GW,8/28/2020 22:59
407,Doka,13.52,35.77,71.69,90,100,3.85,SD,8/28/2020 22:59
408,Zhaotong,27.32,103.72,61.2,88,100,2.98,CN,8/28/2020 22:59
409,Jalu,29.03,21.55,78.85,60,0,10.94,LY,8/28/2020 22:57
410,Ust-Barguzin,53.45,108.98,54.41,92,98,4.21,RU,8/28/2020 22:59
411,Lisala,2.15,21.52,70.79,97,95,1.77,CD,8/28/2020 22:59
412,Keuruu,62.27,24.7,46.99,100,5,4.7,FI,8/28/2020 22:59
413,Arlit,18.74,7.39,82.99,57,82,14.14,NE,8/28/2020 22:59
414,Siparia,10.13,-61.5,84,73,53,10.78,TT,8/28/2020 22:59
415,Henties Bay,-22.12,14.28,53.01,89,0,11.74,NA,8/28/2020 22:59
416,Okhotsk,59.38,143.3,53.76,66,62,7.43,RU,8/28/2020 22:59
417,Norden,53.6,7.2,55.4,93,75,3.36,DE,8/28/2020 22:59
418,Kwekwe,-18.93,29.81,60.6,35,0,1.9,ZW,8/28/2020 22:59
419,Arecibo,18.47,-66.72,84,84,7,1.99,PR,8/28/2020 22:59
420,Sterling,39.01,-77.43,73.99,88,75,11.41,US,8/28/2020 22:56
421,Ilek,51.53,53.38,71.67,33,75,6.89,RU,8/28/2020 22:59
422,Yaan,7.38,8.57,71.44,96,100,8.08,NG,8/28/2020 22:59
423,Nouadhibou,20.93,-17.03,78.8,88,0,8.05,MR,8/28/2020 22:59
424,Namikupa,-10.83,39.6,68.14,95,40,2.64,TZ,8/28/2020 22:59
425,Imbituba,-28.24,-48.67,66.2,88,18,2.24,BR,8/28/2020 22:56
426,Rajnagar,24.88,79.92,75.09,93,94,10.29,IN,8/28/2020 22:59
427,Rundu,-17.93,19.77,67.26,31,74,1.48,NA,8/28/2020 22:59
428,Thinadhoo,0.53,72.93,82.22,63,100,7.83,MV,8/28/2020 22:59
429,Te Anau,-45.42,167.72,45.23,76,55,9.6,NZ,8/28/2020 22:56
430,Arkhangelsk,64.54,40.54,46.4,93,20,6.71,RU,8/28/2020 22:59
431,Sola,-13.88,167.55,79.59,84,100,15.93,VU,8/28/2020 22:59
432,Tottori,35.5,134.23,82.4,74,20,5.82,JP,8/28/2020 22:59
433,Sao Mateus Do Maranhao,-4.04,-44.48,81.95,45,13,2.48,BR,8/28/2020 22:56
434,San Carlos De Bariloche,-41.15,-71.31,35.6,51,20,14.99,AR,8/28/2020 22:57
435,Claresholm,50.03,-113.59,81,19,0,18.34,CA,8/28/2020 22:59
436,Bokoro,12.38,17.06,76.15,78,98,6.71,TD,8/28/2020 22:59
437,Tabuk,17.42,121.44,76.48,78,100,2.01,PH,8/28/2020 22:59
438,Miyoshi,35.08,137.07,86,83,40,5.82,JP,8/28/2020 22:59
439,Ntungamo,-0.88,29.65,65.41,81,19,2.04,UG,8/28/2020 22:59
440,Vanavara,60.34,102.28,51.89,91,94,2.75,RU,8/28/2020 22:59
441,Martapura,-3.42,114.85,73.4,100,40,2.24,ID,8/28/2020 22:59
442,Jaguariaiva,-24.25,-49.71,60.98,73,0,2.8,BR,8/28/2020 22:59
443,Valleyview,55.07,-117.29,73.08,40,99,1.77,CA,8/28/2020 22:59
444,Balkanabat,39.51,54.37,79.09,18,0,9.57,TM,8/28/2020 22:59
445,Bayangol,50.7,103.47,45.41,90,100,1.48,RU,8/28/2020 22:59
446,Puerto Escondido,15.85,-97.07,77,61,90,6.93,MX,8/28/2020 22:59
447,Mehamn,71.04,27.85,43.27,72,57,10.02,NO,8/28/2020 22:59
448,U Thong,14.38,99.89,75.02,85,83,4.09,TH,8/28/2020 22:59
449,Sungaipenuh,-2.08,101.38,62.73,92,91,2.66,ID,8/28/2020 22:59
450,Changping,40.22,116.22,75,88,0,2.24,CN,8/28/2020 22:59
451,Victor Harbor,-35.57,138.62,51.01,91,0,12.1,AU,8/28/2020 22:59
452,Aksay,47.26,39.87,64.4,88,0,6.71,RU,8/28/2020 22:58
453,Mogadishu,2.04,45.34,77.09,81,70,14.61,SO,8/28/2020 22:59
454,Pathein,16.78,94.73,78.13,87,45,5.39,MM,8/28/2020 22:59
455,Baie-Comeau,49.22,-68.15,64.4,45,75,8.05,CA,8/28/2020 22:59
456,Saint-Joseph,-21.37,55.62,69.8,73,75,4.7,RE,8/28/2020 22:57
457,Samarai,-10.62,150.67,78.87,86,99,11.54,PG,8/28/2020 22:59
458,Teya,60.38,92.63,48.36,91,51,3.49,RU,8/28/2020 22:57
459,Kamphaeng Phet,16.48,99.52,75.04,85,88,2.35,TH,8/28/2020 22:59
460,Mombetsu,44.35,143.35,63.23,96,94,8.19,JP,8/28/2020 22:59
461,Kununurra,-15.77,128.73,77,23,7,12.75,AU,8/28/2020 22:59
462,Buala,-8.14,159.59,83.84,72,52,4.43,SB,8/28/2020 22:55
463,Gao,16.64,1.64,80.98,61,87,1.05,ML,8/28/2020 22:59
464,Namie,37.48,141,77,89,0,1.01,JP,8/28/2020 22:59
465,Atherton,53.52,-2.49,50,74,97,7,GB,8/28/2020 22:59
466,Beroroha,-21.67,45.17,68.77,67,6,4.03,MG,8/28/2020 22:59
467,Ahuimanu,21.44,-157.84,87.8,62,40,12.75,US,8/28/2020 22:59
468,Teahupoo,-17.83,-149.27,84.2,51,20,4.7,PF,8/28/2020 22:59
469,Jingdezhen,29.29,117.21,72.37,85,0,2.64,CN,8/28/2020 22:59
470,Hirara,24.8,125.28,80.6,94,75,4.7,JP,8/28/2020 22:57
471,Belaya Gora,68.53,146.42,45.14,74,99,4.68,RU,8/28/2020 22:59
472,Highland Springs,37.55,-77.33,89.6,59,75,5.82,US,8/28/2020 22:59
473,Maba,24.68,113.6,78.26,78,78,0.81,CN,8/28/2020 22:59
474,Port Augusta,-32.5,137.77,60.01,66,0,5.82,AU,8/28/2020 22:59
475,Zbarazh,49.66,25.78,54.52,80,21,6.46,UA,8/28/2020 22:59
476,Mount Isa,-20.73,139.5,69.8,26,0,12.75,AU,8/28/2020 22:58
477,Haines Junction,60.75,-137.51,47.68,83,100,2.75,CA,8/28/2020 22:59
478,Ourossogui,15.61,-13.32,86,79,53,2.24,SN,8/28/2020 22:59
479,Clarksburg,39.28,-80.34,73.99,88,90,6.93,US,8/28/2020 22:58
480,Koshki,54.21,50.47,60.4,86,68,7.99,RU,8/28/2020 22:59
481,Williston,48.15,-103.62,75.99,33,0,5.99,US,8/28/2020 22:59
482,Sindgi,16.92,76.23,73.31,84,100,14.94,IN,8/28/2020 22:59
483,Okitipupa,6.5,4.78,74.26,91,100,3.31,NG,8/28/2020 22:59
484,Navahrudak,53.6,25.83,50.22,96,53,4.97,BY,8/28/2020 22:59
485,Burgeo,47.62,-57.62,56.19,77,47,21.39,CA,8/28/2020 22:59
486,Colwyn Bay,53.29,-3.73,55,76,98,10,GB,8/28/2020 22:59
487,Panorama,40.59,23.03,79,62,0,2.42,GR,8/28/2020 22:59
488,Aklavik,68.22,-135.01,55.4,54,20,6.93,CA,8/28/2020 22:59
489,Oussouye,12.48,-16.55,78.8,94,40,9.17,SN,8/28/2020 22:59
490,Lagoa,39.05,-27.98,74.16,94,0,15.19,PT,8/28/2020 22:56
491,Yankton,42.87,-97.4,82.99,57,1,13.87,US,8/28/2020 22:59
492,Boguchany,58.38,97.45,50.88,91,55,1.83,RU,8/28/2020 22:59
493,Santa Rosalia,27.32,-112.28,88.93,62,0,12.35,MX,8/28/2020 22:59
494,Kenai,60.55,-151.26,62.6,63,20,6.93,US,8/28/2020 22:59
495,Serik,36.92,31.1,78.8,83,0,5.82,TR,8/28/2020 22:59
496,Qinzhou,21.95,108.62,80.65,83,21,1.21,CN,8/28/2020 22:59
497,Turkan,40.36,50.22,69.8,77,0,3.44,AZ,8/28/2020 22:59
498,Sobolevo,54.43,31.9,48.36,94,0,5.95,RU,8/28/2020 22:55
499,Antigonish,45.62,-62,64,65,1,1.99,CA,8/28/2020 22:56
500,Armidale,-30.52,151.65,42.01,89,0,1.99,AU,8/28/2020 22:59
501,Timmins,48.47,-81.33,60.8,72,90,5.82,CA,8/28/2020 22:56
502,Vesele,47.01,34.91,64.27,54,0,3.11,UA,8/28/2020 22:59
503,Gubkinskiy,64.43,76.5,54.93,89,53,5.12,RU,8/28/2020 22:59
504,Leshukonskoye,64.9,45.76,45.25,89,86,5.12,RU,8/28/2020 22:58
505,Pisco,-13.7,-76.22,64.4,77,20,16.11,PE,8/28/2020 22:59
506,Altar,30.7,-111.82,104,28,27,7.85,MX,8/28/2020 22:59
507,Fort Pierce,27.45,-80.33,87.8,74,1,11.41,US,8/28/2020 22:55
508,Verkhnyaya Toyma,62.23,45,54.12,85,100,9.06,RU,8/28/2020 22:59
509,Maraa,-1.83,-65.37,80.01,76,81,3.58,BR,8/28/2020 22:59
510,Ler,8.3,30.14,72.75,87,100,1.1,SS,8/28/2020 22:59
511,Sinnai,39.3,9.2,78.01,94,1,5.82,IT,8/28/2020 22:59
512,Rauma,61.13,21.51,42.8,93,74,1.12,FI,8/28/2020 22:59
513,Labuan,5.28,115.24,77,94,40,7.7,MY,8/28/2020 22:59
514,Awbari,26.59,12.78,83.71,25,0,9.04,LY,8/28/2020 22:59
515,Praya,14.92,-23.51,80.6,88,75,5.82,CV,8/28/2020 22:59
516,Qiongshan,20.01,110.35,75.2,100,21,1.9,CN,8/28/2020 22:59
517,Antsohihy,-14.88,47.99,65.97,71,0,5.73,MG,8/28/2020 22:59
518,Kachiry,53.07,76.1,58.71,64,0,7.49,KZ,8/28/2020 22:59
519,Bogalusa,30.79,-89.85,79,88,1,4.7,US,8/28/2020 22:59
520,Kimbe,-5.55,150.14,83.32,68,68,1.16,PG,8/28/2020 22:59
521,Nyrob,60.73,56.72,57.16,72,85,7.27,RU,8/28/2020 22:59
522,Les Cayes,18.2,-73.75,82.81,78,6,4.76,HT,8/28/2020 22:59
523,Arman,59.7,150.17,53.6,51,96,14.58,RU,8/28/2020 22:59
524,Linxia,35.6,103.21,65.34,81,100,1.41,CN,8/28/2020 22:59
525,Katangli,51.71,143.23,54.48,74,16,9.08,RU,8/28/2020 22:59
526,Ugra,54.78,34.33,50,98,11,5.5,RU,8/28/2020 22:59
527,Dingzhou,38.51,115,73.4,94,0,3.89,CN,8/28/2020 22:59
528,Opuwo,-18.06,13.84,55.51,42,0,7.52,NA,8/28/2020 22:59
529,Mormugao,15.4,73.8,78.69,83,100,3.4,IN,8/28/2020 22:59
530,Manyana,-23.4,21.72,56.48,34,65,4.74,BW,8/28/2020 23:00
531,Kerema,-7.96,145.78,77.31,87,97,4.7,PG,8/28/2020 23:00
532,Osmanabad,18.17,76.05,71.76,93,100,10.16,IN,8/28/2020 23:00
533,Songjianghe,42.19,127.48,62.26,97,100,3.58,CN,8/28/2020 23:00
534,Hun,29.13,15.95,76.8,58,0,11.32,LY,8/28/2020 23:00
535,Ballina,-28.87,153.57,62.01,67,32,6.93,AU,8/28/2020 23:00
536,Poum,-20.23,164.02,72.99,81,79,21.09,NC,8/28/2020 23:00
537,Olga,43.74,135.29,63.59,93,100,11.59,RU,8/28/2020 22:57
538,Chamba,32.57,76.13,67.5,64,0,4,IN,8/28/2020 23:00
539,Fairbanks,64.84,-147.72,59,87,75,5.82,US,8/28/2020 22:56
540,Yulara,-25.24,130.99,53.6,25,0,9.17,AU,8/28/2020 23:00
541,Itoman,26.12,127.67,84.2,89,75,6.93,JP,8/28/2020 23:00
542,Kommunisticheskiy,61.68,64.48,49.59,93,44,2.82,RU,8/28/2020 23:00
543,East Kilbride,55.77,-4.17,51.8,71,42,2.24,GB,8/28/2020 22:56
544,Teguldet,57.31,88.17,47.32,95,0,2.75,RU,8/28/2020 23:00
545,Yongan,39.7,113.69,67.51,70,1,4.07,CN,8/28/2020 23:00
546,Sun City West,33.66,-112.34,111.99,14,20,8.05,US,8/28/2020 22:55
547,Vanimo,-2.67,141.3,79.36,86,100,13.6,PG,8/28/2020 23:00
548,Parung,-6.42,106.73,79,74,59,3.96,ID,8/28/2020 23:00
549,Nanchang,28.68,115.88,76.26,77,1,4.61,CN,8/28/2020 23:00
550,Tiznit,29.58,-9.5,75.51,49,0,5.37,MA,8/28/2020 22:57
551,Tshikapa,-6.42,20.8,77.11,61,0,1.92,CD,8/28/2020 23:00
552,Kaeo,-35.1,173.78,55.99,3,22,10,NZ,8/28/2020 23:00
553,Gat,31.61,34.76,80.01,24,0,1.83,IL,8/28/2020 23:00
554,Fukue,32.69,128.84,82.09,86,0,12.26,JP,8/28/2020 23:00
555,Talara,-4.58,-81.27,63.82,85,6,16.44,PE,8/28/2020 22:55
556,Sol-Iletsk,51.16,54.99,70.68,31,94,8.05,RU,8/28/2020 23:00
557,Toora-Khem,52.47,96.11,49.24,92,100,2.62,RU,8/28/2020 23:00
558,Pacific Grove,36.62,-121.92,72,56,20,12.75,US,8/28/2020 23:00
559,Kieta,-6.22,155.63,83.95,63,58,2.24,PG,8/28/2020 23:00
560,Egvekinot,66.32,-179.17,46.15,74,98,9.04,RU,8/28/2020 23:00
561,Eureka,40.8,-124.16,72,43,1,3,US,8/28/2020 22:59
562,Vokhtoga,58.81,41.05,53.49,94,8,1.32,RU,8/28/2020 23:00
563,Sisimiut,66.94,-53.67,50.09,52,98,9.57,GL,8/28/2020 22:58
564,Rabak,13.18,32.74,78.96,73,100,7.72,SD,8/28/2020 23:00
565,Russell,32.35,-85.2,80.6,88,20,8.68,US,8/28/2020 23:00
566,Camacha,33.08,-16.33,73.4,83,40,13.87,PT,8/28/2020 23:00
567,Urumqi,43.8,87.6,60.8,63,24,8.95,CN,8/28/2020 23:00
568,Puteyets,65.17,57.09,43.23,87,23,5.59,RU,8/28/2020 23:00
569,Isla Mujeres,21.23,-86.73,87.8,74,75,16.11,MX,8/28/2020 23:00
570,Orange,33.7,-117.77,89.01,54,20,6.93,US,8/28/2020 23:00
571,Kon Tum,14.35,108,69.53,94,92,1.19,VN,8/28/2020 23:00
572,Colimes,-1.55,-80.02,86,55,51,4.7,EC,8/28/2020 23:00
573,Khandagayty,50.73,92.05,49.71,78,100,6.31,RU,8/28/2020 23:00
574,Ila,63.43,10.37,52,85,3,1.01,NO,8/28/2020 23:00
575,Papara,-3.98,-38.73,79,78,41,13.87,BR,8/28/2020 23:00
576,Natal,-5.79,-35.21,77,83,20,10.29,BR,8/28/2020 22:58
577,Kidal,18.44,1.41,82.72,59,88,11.05,ML,8/28/2020 23:00
578,Kasongo,-4.45,26.67,75.43,66,0,2.35,CD,8/28/2020 23:00
579,Viedma,-40.81,-63,51.01,58,83,6.69,AR,8/28/2020 23:00
580,Matara,5.95,80.54,79.39,82,94,11.14,LK,8/28/2020 23:00
581,Damara,4.96,18.7,77,94,20,1.16,CF,8/28/2020 23:00
582,Yaita,36.8,139.93,90,88,40,3.36,JP,8/28/2020 23:00
583,Lisakovsk,52.54,62.49,66.92,61,66,8.95,KZ,8/28/2020 23:00
584,Coos Bay,43.37,-124.22,82,68,1,29.97,US,8/28/2020 22:55
585,Tyukhtet,56.54,89.3,48.65,95,0,3.22,RU,8/28/2020 23:00
586,Lac Du Bonnet,50.25,-96.06,66,99,30,11.1,CA,8/28/2020 23:00
587,Warrington,53.39,-2.58,51.8,71,99,12.75,GB,8/28/2020 23:00
588,North Bend,43.41,-124.22,82,68,1,29.97,US,8/28/2020 22:59
589,Chunskiy,56.08,99.63,50.47,87,46,1.16,RU,8/28/2020 23:00
590,Bud,39.45,-86.18,84,74,1,9.17,US,8/28/2020 22:58
591,Takaka,-40.85,172.8,57.99,88,45,8.99,NZ,8/28/2020 23:00
592,Sangar,63.92,127.47,53.87,61,78,5.79,RU,8/28/2020 23:00
593,Bandarbeyla,9.49,50.81,75.9,77,24,28.01,SO,8/28/2020 23:00
594,College,64.86,-147.8,59,76,75,4.7,US,8/28/2020 23:00
595,Chapais,49.78,-74.85,60.8,48,20,3.8,CA,8/28/2020 22:55
596,Ixtacomitan,17.42,-93.1,82.72,80,100,2.04,MX,8/28/2020 23:00
597,Crotone,39.09,17.12,78.75,67,0,9.69,IT,8/28/2020 23:00
598,Adamovka,51.52,59.94,73.65,39,89,10.02,RU,8/28/2020 23:00
599,Tevaitoa,-16.78,-151.5,76.77,77,4,19.6,PF,8/28/2020 23:00
600,Sao Jose Da Coroa Grande,-8.9,-35.15,74.8,85,96,6.24,BR,8/28/2020 22:57
601,Cuxhaven,53.87,8.69,57.99,93,75,2.24,DE,8/28/2020 23:00
602,Byron Bay,-28.65,153.62,62.01,67,53,6.93,AU,8/28/2020 23:00
603,Abashiri,44.02,144.27,63.41,96,99,13.62,JP,8/28/2020 23:00
604,Omsukchan,62.53,155.8,40.77,83,100,8.9,RU,8/28/2020 22:57
605,Zharkent,44.16,80,61.52,52,0,7.2,KZ,8/28/2020 23:00
606,Batemans Bay,-35.72,150.18,43,93,0,3.8,AU,8/28/2020 23:00
607,Dubuque,42.48,-90.87,80.01,83,75,8.05,US,8/28/2020 23:00
608,Marawi,8,124.29,75,84,82,5.99,PH,8/28/2020 23:00
609,Narimanov,46.69,47.85,66.2,82,75,4.47,RU,8/28/2020 23:00
610,Mudgee,-32.59,149.59,45,93,0,2.24,AU,8/28/2020 23:00
611,Ntcheu,-14.82,34.64,66.76,54,0,2.46,MW,8/28/2020 23:00
612,Makasar,-5.14,119.42,71.6,94,75,2.24,ID,8/28/2020 22:57
613,Tema,5.67,-0.02,75.2,94,88,13.87,GH,8/28/2020 23:00
614,Bon Air,37.52,-77.56,89.01,74,20,5.82,US,8/28/2020 23:00
615,Marzuq,14.4,46.47,83.57,42,77,1.68,YE,8/28/2020 22:57
616,Sambava,-14.27,50.17,68.56,82,50,10.63,MG,8/28/2020 22:57
617,Sao Miguel Do Araguaia,-13.28,-50.16,81.75,20,82,5.91,BR,8/28/2020 23:00
618,Ayotzintepec,17.67,-96.13,84.18,76,28,1.95,MX,8/28/2020 23:00
619,Okha,53.57,142.95,56.39,76,0,10.07,RU,8/28/2020 23:00
620,Mayo,38.89,-76.51,82,78,90,10.29,US,8/28/2020 23:00
621,Avera,33.19,-82.53,89.6,66,40,6.93,US,8/28/2020 23:00
622,Sur,22.57,59.53,83.23,66,85,8.77,OM,8/28/2020 23:00
623,Ostersund,63.18,14.64,51.8,62,84,9.17,SE,8/28/2020 22:57
624,Conde,-7.26,-34.91,75.2,94,82,6.93,BR,8/28/2020 23:00
625,Kamenka,51.32,42.77,59.27,87,77,7.49,RU,8/28/2020 23:00
626,Kurashiki,34.58,133.77,81,88,20,6.93,JP,8/28/2020 23:00
627,Socorro,31.65,-106.3,102.2,11,20,5.82,US,8/28/2020 23:00
628,Rupea,46.03,25.22,57.99,76,27,3.65,RO,8/28/2020 23:00
629,Astana,51.18,71.45,51.8,76,0,4.47,KZ,8/28/2020 22:58
630,Turochak,52.26,87.12,53.94,94,100,2.53,RU,8/28/2020 23:00
631,Porto Santo,33.07,-16.34,73.4,83,40,13.87,PT,8/28/2020 23:00
632,Padang,-0.95,100.35,77.07,76,100,3.51,ID,8/28/2020 23:00
633,Rouvroy,50.39,2.9,57,87,4,8.05,FR,8/28/2020 23:00
634,Flinders,-34.58,150.86,57.99,77,0,3,AU,8/28/2020 23:00
635,Sandwick,60,-1.25,50,81,57,11.41,GB,8/28/2020 23:00
636,Dalby,-27.18,151.27,59,67,0,17.22,AU,8/28/2020 23:00
637,Iquique,-20.22,-70.14,60.8,72,90,14.99,CL,8/28/2020 22:58
638,Yarqa,31.98,35.69,75.2,49,0,1.92,JO,8/28/2020 23:00
639,Angoche,-16.23,39.91,72.05,88,5,10.69,MZ,8/28/2020 23:00
640,Keetmanshoop,-26.58,18.13,40.41,85,0,14.81,NA,8/28/2020 23:00
641,Yemelyanovo,56.17,92.68,48.2,93,73,2.91,RU,8/28/2020 23:00
642,Casper,42.87,-106.31,79,19,1,4.7,US,8/28/2020 23:00
643,Blora,-6.97,111.42,73.51,84,5,5.14,ID,8/28/2020 23:00
644,Ayat,9.03,38.85,55.4,93,75,4.7,ET,8/28/2020 23:00
645,San Vicente,-26.62,-54.13,67.96,68,9,2.3,AR,8/28/2020 23:00
646,Xining,36.62,101.77,60.04,68,100,4.65,CN,8/28/2020 23:00
647,Mayor Pablo Lagerenza,-19.93,-60.77,88.95,30,1,6.06,PY,8/28/2020 23:00
648,Sainte-Maxime,43.3,6.63,75.2,69,85,4.7,FR,8/28/2020 23:00
649,Nueve De Julio,-35.44,-60.88,61,87,99,1.99,AR,8/28/2020 23:00
650,Mackay,-21.15,149.2,69.01,77,40,12.75,AU,8/28/2020 23:00
651,Bell Ville,-32.63,-62.69,66,73,1,6.29,AR,8/28/2020 23:00
652,Novaky,48.71,18.53,73.4,72,87,6.93,SK,8/28/2020 23:00
653,Fairlie,55.76,-4.86,51.8,71,8,2.24,GB,8/28/2020 23:00
654,Nantucket,41.28,-70.1,71.6,83,1,10.29,US,8/28/2020 22:59
655,Izumo,35.37,132.77,78.8,88,8,6.93,JP,8/28/2020 23:00
656,Balakovo,52.03,47.8,66.29,68,81,6.38,RU,8/28/2020 23:00
657,Ferme-Neuve,46.7,-75.45,60.62,70,56,2.68,CA,8/28/2020 23:00
658,Middelburg,-25.78,29.46,60.19,38,46,4.45,ZA,8/28/2020 23:00
659,Ketchikan,55.34,-131.65,55.4,87,90,9.17,US,8/28/2020 22:57
660,Waipawa,-41.41,175.52,57.2,67,52,18.34,NZ,8/28/2020 23:00
661,Sawtell,-30.38,153.1,60.8,59,0,6.93,AU,8/28/2020 22:57
662,Keningau,5.34,116.16,75.2,94,20,5.82,MY,8/28/2020 23:00
663,Dakar,14.69,-17.44,82.4,88,40,6.93,SN,8/28/2020 23:00
664,Japura,-0.32,102.35,73.47,89,100,2.15,ID,8/28/2020 22:57
665,Kushiro,42.98,144.37,80.6,78,75,8.05,JP,8/28/2020 23:00
666,Tezu,27.92,96.17,75.79,73,99,1.88,IN,8/28/2020 23:00
667,Sainte-Anne-Des-Monts,49.12,-66.49,56.25,68,100,11.3,CA,8/28/2020 23:00
668,Khasan,42.43,130.64,73.83,92,80,5.82,RU,8/28/2020 23:00
669,Shcherbinka,55.5,37.56,57,100,25,4.47,RU,8/28/2020 23:00
670,Meulaboh,4.14,96.13,75.6,88,98,4.7,ID,8/28/2020 23:00
671,General Roca,-39.03,-67.58,55.4,43,92,11.41,AR,8/28/2020 23:00
672,Nagato,34.38,131.2,80.6,94,75,2.24,JP,8/28/2020 23:00
673,Ngaoundere,7.32,13.58,64.62,95,100,2.89,CM,8/28/2020 23:00
674,Waingapu,-9.66,120.26,75.49,75,1,10.16,ID,8/28/2020 23:00
675,Mafinga,-7.25,35.07,65.64,61,24,5.14,TZ,8/28/2020 23:00
676,Sidney,-33.87,151.21,59,54,0,8.05,AU,8/28/2020 23:00
677,Muncar,-8.43,114.33,75.7,86,53,4.34,ID,8/28/2020 23:00
678,Havelock,34.88,-76.9,86,85,98,1.01,US,8/28/2020 23:00
679,Luganville,-15.53,167.17,75.97,92,100,13.69,VU,8/28/2020 23:00
680,Copiapo,-27.37,-70.33,55.4,71,29,13.87,CL,8/28/2020 23:00
681,Sungairaya,0.7,108.9,77.45,90,93,7.63,ID,8/28/2020 23:00
682,Ormara,25.21,64.64,81.21,88,46,14,PK,8/28/2020 23:00
683,Auki,-8.77,160.7,85.69,65,99,0.89,SB,8/28/2020 23:00
684,Ternovskaya,45.85,40.41,65.05,80,1,6.02,RU,8/28/2020 23:00
685,Xuchang,34.02,113.82,68,100,0,2.24,CN,8/28/2020 23:00
686,Bolobo,-2.17,16.23,72.61,84,12,2.46,CD,8/28/2020 22:59
687,Barinitas,8.76,-70.41,75.74,86,12,0.38,VE,8/28/2020 23:00
